year,month,state,dataStatus,residentialRevenue,residentialSales,residentialCustomers,residentialPrice,commercialRevenue,commercialSales,commercialCustomers,commercialPrice,industrialRevenue,industrialSales,industrialCustomers,industrialPrice,transportationRevenue,transportationSales,transportationCustomers,transportationPrice,otherRevenue,otherSales,otherCustomers,otherPrice,totalRevenue,totalSales,totalCustomers,totalPrice
1990,1,CO,Final,71325,1046805,,6.81,65130,1158963,,5.62,24488,545387,,4.49,,,,,4054,58780,,6.9,164996,2809935,,5.87
1990,2,CO,Final,59866,925315,,6.47,55779,1090136,,5.12,21595,526880,,4.1,,,,,3900,59198,,6.59,141140,2601529,,5.43
1990,3,CO,Final,60470,896254,,6.75,59278,1085215,,5.46,22824,527831,,4.32,,,,,3961,54967,,7.21,146533,2564267,,5.71
1990,4,CO,Final,56481,799898,,7.06,60614,1049917,,5.77,23821,526066,,4.53,,,,,3913,50106,,7.81,144829,2425988,,5.97
1990,5,CO,Final,54336,747651,,7.27,62544,1049234,,5.96,24339,527010,,4.62,,,,,4581,55081,,8.32,145801,2378977,,6.13
1990,6,CO,Final,53135,721876,,7.36,66437,1106374,,6,24763,527276,,4.7,,,,,6249,65756,,9.5,150583,2421282,,6.22
1990,7,CO,Final,55149,761436,,7.24,70513,1230847,,5.73,26588,579466,,4.59,,,,,11426,140673,,8.12,163676,2712421,,6.03
1990,8,CO,Final,53829,733880,,7.33,69583,1196183,,5.82,26028,565798,,4.6,,,,,6557,112039,,5.85,155996,2607900,,5.98
1990,9,CO,Final,51810,733318,,7.07,65979,1193378,,5.53,24981,566547,,4.41,,,,,5853,102634,,5.7,148622,2595878,,5.73
1990,10,CO,Final,52246,729053,,7.17,65061,1132344,,5.75,25999,579756,,4.48,,,,,4379,55740,,7.86,147684,2496892,,5.91
1990,11,CO,Final,55505,779931,,7.12,63372,1115251,,5.68,25945,572334,,4.53,,,,,4118,53362,,7.72,148940,2520878,,5.91
1990,12,CO,Final,62932,911862,,6.9,63742,1145183,,5.57,24417,542509,,4.5,,,,,4158,59088,,7.04,155249,2658642,,5.84
1991,1,CO,Final,76411,1111039,,6.88,68173,1212554,,5.62,25037,548821,,4.56,,,,,3947,56175,,7.03,173567,2928589,,5.93
1991,2,CO,Final,69743,972144,,7.17,67408,1134450,,5.94,25852,553901,,4.67,,,,,4126,57136,,7.22,167129,2717631,,6.15
1991,3,CO,Final,62282,890473,,6.99,62877,1113145,,5.65,24272,547850,,4.43,,,,,3901,53008,,7.36,153331,2604476,,5.89
1991,4,CO,Final,55838,822427,,6.79,58292,1075790,,5.42,22923,535418,,4.28,,,,,3901,51676,,7.55,140953,2485311,,5.67
1991,5,CO,Final,55670,760202,,7.32,63744,1076513,,5.92,25380,552794,,4.59,,,,,3990,50601,,7.89,148784,2440110,,6.1
1991,6,CO,Final,55028,730944,,7.53,70119,1136229,,6.17,26752,561154,,4.77,,,,,5022,59560,,8.43,156922,2487887,,6.31
1991,7,CO,Final,56909,764902,,7.44,72638,1213097,,5.99,27262,568563,,4.79,,,,,12276,118221,,10.38,169085,2664784,,6.35
1991,8,CO,Final,47851,771619,,6.2,57537,1209634,,4.76,23186,561510,,4.13,,,,,7683,142087,,5.41,136257,2684850,,5.08
1991,9,CO,Final,54055,760071,,7.11,69190,1191688,,5.81,26564,580147,,4.58,,,,,6046,103490,,5.84,155854,2635395,,5.91
1991,10,CO,Final,53557,725622,,7.38,66799,1113312,,6,27449,584198,,4.7,,,,,4150,55597,,7.46,151956,2478730,,6.13
1991,11,CO,Final,56136,806621,,6.96,61669,1094622,,5.63,26305,588126,,4.47,,,,,4353,61026,,7.13,148463,2550395,,5.82
1991,12,CO,Final,70367,983323,,7.16,68836,1170466,,5.88,26866,565697,,4.75,,,,,4312,59044,,7.3,170381,2778531,,6.13
1992,1,CO,Final,76685,1079741,,7.1,68596,1185387,,5.79,26073,555124,,4.7,,,,,4354,60195,,7.23,175708,2880447,,6.1
1992,2,CO,Final,66078,961704,,6.87,61484,1131582,,5.43,24456,564847,,4.33,,,,,4332,59497,,7.28,156350,2717631,,5.75
1992,3,CO,Final,62535,918614,,6.81,60228,1124107,,5.36,23461,548476,,4.28,,,,,4139,53239,,7.77,150363,2644436,,5.69
1992,4,CO,Final,56583,828551,,6.83,58019,1078888,,5.38,23141,542909,,4.26,,,,,4081,49853,,8.19,141824,2500200,,5.67
1992,5,CO,Final,55214,748417,,7.38,66200,1115653,,5.93,26670,576720,,4.62,,,,,4345,51578,,8.42,152428,2492368,,6.12
1992,6,CO,Final,56991,757935,,7.52,69230,1139419,,6.08,26594,555085,,4.79,,,,,8450,93090,,9.08,161265,2545530,,6.34
1992,7,CO,Final,57580,754258,,7.63,72921,1187874,,6.14,28494,594073,,4.8,,,,,7131,85838,,8.31,166126,2622043,,6.34
1992,8,CO,Final,58438,778449,,7.51,72256,1225314,,5.9,27800,593246,,4.69,,,,,8627,126491,,6.82,167120,2723501,,6.14
1992,9,CO,Final,56414,768459,,7.34,69082,1190065,,5.8,27485,592281,,4.64,,,,,6088,96401,,6.32,159070,2647206,,6.01
1992,10,CO,Final,55345,758321,,7.3,67982,1179338,,5.76,26813,578653,,4.63,,,,,4444,56792,,7.83,154584,2573104,,6.01
1992,11,CO,Final,58886,813418,,7.24,64883,1114279,,5.82,26215,568787,,4.61,,,,,4876,65222,,7.48,154861,2561705,,6.05
1992,12,CO,Final,75027,1047848,,7.16,70369,1225676,,5.74,27163,578796,,4.69,,,,,4559,61481,,7.42,177119,2913800,,6.08
1993,1,CO,Final,80931,1120414,,7.22,70903,1202506,,5.9,27611,571226,,4.83,,,,,5268,73705,,7.15,184713,2967850,,6.22
1993,2,CO,Final,68860,991815,,6.94,64836,1160934,,5.58,24864,556172,,4.47,,,,,5414,74546,,7.26,163974,2783467,,5.89
1993,3,CO,Final,68900,1001288,,6.88,66472,1204374,,5.52,24597,559982,,4.39,,,,,5181,94961,,5.46,165150,2860605,,5.77
1993,4,CO,Final,60466,856158,,7.06,63784,1115960,,5.72,24952,559836,,4.46,,,,,5075,38791,,13.08,154276,2570744,,6
1993,5,CO,Final,56844,765311,,7.43,66518,1103407,,6.03,26660,578109,,4.61,,,,,5289,62689,,8.44,155312,2509517,,6.19
1993,6,CO,Final,61225,802708,,7.63,75491,1240138,,6.09,29343,615670,,4.77,,,,,5775,70898,,8.15,171834,2729414,,6.3
1993,7,CO,Final,63372,840183,,7.54,78391,1313748,,5.97,28515,615744,,4.63,,,,,6189,80514,,7.69,176467,2850189,,6.19
1993,8,CO,Final,62952,872248,,7.22,76474,1363431,,5.61,24778,571640,,4.33,,,,,5791,75207,,7.7,169996,2882526,,5.9
1993,9,CO,Final,59078,810580,,7.29,74751,1301258,,5.74,26908,608022,,4.43,,,,,6736,92232,,7.3,167473,2812091,,5.96
1993,10,CO,Final,55144,759539,,7.26,63908,1098506,,5.82,26348,606202,,4.35,,,,,4333,54285,,7.98,149732,2518533,,5.95
1993,11,CO,Final,58834,817648,,7.2,63238,1074275,,5.89,24917,573522,,4.34,,,,,5478,66813,,8.2,152466,2532257,,6.02
1993,12,CO,Final,74887,1017842,,7.36,74281,1243858,,5.97,28060,607884,,4.62,,,,,5508,71025,,7.76,182736,2940609,,6.21
1994,1,CO,Final,78391,1101851,,7.11,60652,1038256,,5.84,37405,841865,,4.44,,,,,5392,74849,,7.2,181841,3056821,,5.95
1994,2,CO,Final,72127,1003192,,7.19,59120,985505,,6,36336,799042,,4.55,,,,,6022,85904,,7.01,173605,2873643,,6.04
1994,3,CO,Final,70906,979557,,7.24,73636,1263351,,5.83,17804,369358,,4.82,,,,,6034,82972,,7.27,168380,2695238,,6.25
1994,4,CO,Final,64252,875402,,7.34,58743,954393,,6.16,36197,791164,,4.58,,,,,5799,72745,,7.97,164990,2693704,,6.13
1994,5,CO,Final,59637,801234,,7.44,60426,974525,,6.2,37070,807520,,4.59,,,,,5957,72491,,8.22,163089,2655770,,6.14
1994,6,CO,Final,60361,805467,,7.49,66309,1106105,,5.99,40063,849597,,4.72,,,,,6669,90473,,7.37,173402,2851643,,6.08
1994,7,CO,Final,65502,883448,,7.41,68614,1158320,,5.92,40194,858371,,4.68,,,,,6423,86751,,7.4,180733,2986891,,6.05
1994,8,CO,Final,64617,870499,,7.42,68175,1153647,,5.91,39564,875624,,4.52,,,,,6786,91855,,7.39,179142,2991625,,5.99
1994,9,CO,Final,64350,871005,,7.39,68720,1155359,,5.95,39369,881018,,4.47,,,,,6381,85760,,7.44,178820,2993142,,5.97
1994,10,CO,Final,61386,818128,,7.5,65774,1075081,,6.12,38748,852015,,4.55,,,,,6104,78601,,7.77,172011,2823826,,6.09
1994,11,CO,Final,65127,865080,,7.53,62478,1005386,,6.21,38832,836008,,4.64,,,,,5864,78483,,7.47,172301,2784957,,6.19
1994,12,CO,Final,77989,1063884,,7.33,64837,1083265,,5.99,38751,858555,,4.51,,,,,6113,89316,,6.84,187690,3095021,,6.06
1995,1,CO,Final,81496,1090842,,7.47,61814,1093464,,5.65,37733,842888,,4.48,,,,,5411,74917,,7.22,186454,3102111,,6.01
1995,2,CO,Final,74155,1018374,,7.28,67557,1115962,,6.05,36121,805545,,4.48,,,,,5616,77005,,7.29,183449,3016886,,6.08
1995,3,CO,Final,72091,986189,,7.31,65084,1065614,,6.11,35922,795403,,4.52,,,,,5779,70042,,8.25,178876,2917248,,6.13
1995,4,CO,Final,67156,906259,,7.41,62976,1017820,,6.19,35698,790430,,4.52,,,,,5576,67445,,8.27,171406,2781954,,6.16
1995,5,CO,Final,65115,875878,,7.43,63594,1020168,,6.23,36288,801594,,4.53,,,,,5533,63535,,8.71,170530,2761175,,6.18
1995,6,CO,Final,63820,853110,,7.48,65524,1055452,,6.21,36067,802760,,4.49,,,,,5602,62485,,8.97,171013,2773807,,6.17
1995,7,CO,Final,65414,871388,,7.51,71698,1169673,,6.13,37001,818621,,4.52,,,,,5931,70804,,8.38,180044,2930486,,6.14
1995,8,CO,Final,69989,938580,,7.46,75098,1246454,,6.02,36399,840140,,4.33,,,,,6358,83383,,7.63,187844,3108557,,6.04
1995,9,CO,Final,71842,968206,,7.42,77274,1292389,,5.98,38466,844298,,4.56,,,,,6366,85397,,7.45,193948,3190290,,6.08
1995,10,CO,Final,65226,867803,,7.52,68374,1094641,,6.25,35135,768528,,4.57,,,,,6055,77597,,7.8,174790,2808569,,6.22
1995,11,CO,Final,66715,892789,,7.47,69060,1128502,,6.12,36139,786205,,4.6,,,,,5734,75592,,7.59,177648,2883088,,6.16
1995,12,CO,Final,75946,1037287,,7.32,67101,1119485,,5.99,37311,810047,,4.61,,,,,5634,75830,,7.43,185992,3042649,,6.11
1996,1,CO,Final,84872,1177126,,7.21,68606,1160379,,5.91,36724,828866,,4.43,,,,,5693,75254,,7.57,195895,3241625,,6.04
1996,2,CO,Final,80185,1108294,,7.23,68236,1144221,,5.96,34509,781702,,4.41,,,,,6031,82765,,7.29,188961,3116982,,6.06
1996,3,CO,Final,76436,1050190,,7.28,68314,1142236,,5.98,33620,767924,,4.38,,,,,6019,84932,,7.09,184389,3045282,,6.05
1996,4,CO,Final,69955,940326,,7.44,66603,1091908,,6.1,34293,791270,,4.33,,,,,5963,77964,,7.65,176814,2901468,,6.09
1996,5,CO,Final,64476,847424,,7.61,68193,1122295,,6.08,37023,816387,,4.53,,,,,6703,82528,,8.12,176395,2868634,,6.15
1996,6,CO,Final,70108,904367,,7.75,74154,1234363,,6.01,36089,839997,,4.3,,,,,7312,94541,,7.73,187663,3073268,,6.11
1996,7,CO,Final,74722,974516,,7.67,77171,1347733,,5.73,35086,803619,,4.37,,,,,7106,89699,,7.92,194085,3215567,,6.04
1996,8,CO,Final,76177,1001415,,7.61,75839,1306700,,5.8,38437,893782,,4.3,,,,,7216,93508,,7.72,197669,3295405,,6
1996,9,CO,Final,71421,927952,,7.7,73854,1249056,,5.91,38647,894341,,4.32,,,,,6884,92015,,7.48,190806,3163364,,6.03
1996,10,CO,Final,67087,863947,,7.77,68494,1126439,,6.08,36549,845066,,4.32,,,,,6684,83971,,7.96,178814,2919423,,6.12
1996,11,CO,Final,70593,935911,,7.54,67058,1135196,,5.91,35626,834340,,4.27,,,,,6456,82960,,7.78,179733,2988407,,6.01
1996,12,CO,Final,83144,1139110,,7.3,67602,1178748,,5.74,35713,849720,,4.2,,,,,6075,75972,,8,192534,3243550,,5.94
1997,1,CO,Final,89188,1235032,,7.22,66613,1152727,,5.78,38000,895098,,4.25,,,,,5664,72995,,7.76,199465,3355852,,5.94
1997,2,CO,Final,80446,1104430,,7.28,66091,1163027,,5.68,37597,883442,,4.26,,,,,5623,69718,,8.07,189757,3220617,,5.89
1997,3,CO,Final,77985,1068630,,7.3,64834,1134131,,5.72,37154,883437,,4.21,,,,,5524,69144,,7.99,185497,3155342,,5.88
1997,4,CO,Final,71684,967197,,7.41,64897,1119330,,5.8,36257,847755,,4.28,,,,,5774,69052,,8.36,178612,3003334,,5.95
1997,5,CO,Final,71811,920517,,7.8,69986,1107694,,6.32,17779,401195,,4.43,,,,,6122,94572,,6.47,165698,2523978,,6.56
1997,6,CO,Final,65650,865071,,7.59,70950,1233450,,5.75,40700,955883,,4.26,,,,,6241,67890,,9.19,183541,3122294,,5.88
1997,7,CO,Final,75631,1020549,,7.41,75216,1348167,,5.58,40212,947269,,4.25,,,,,6872,89649,,7.67,197931,3405634,,5.81
1997,8,CO,Final,75275,1016177,,7.41,74696,1316041,,5.68,40852,968311,,4.22,,,,,6595,82623,,7.98,197418,3383152,,5.84
1997,9,CO,Final,73310,985305,,7.44,76937,1383194,,5.56,40473,927808,,4.36,,,,,6298,75618,,8.33,197018,3371925,,5.84
1997,10,CO,Final,68453,903305,,7.58,72193,1241115,,5.82,37711,870700,,4.33,,,,,6227,77416,,8.04,184584,3092536,,5.97
1997,11,CO,Final,73360,980785,,7.48,68993,1156648,,5.96,36619,835545,,4.38,,,,,6090,71461,,8.52,185062,3044439,,6.08
1997,12,CO,Final,86762,1193911,,7.27,70332,1244654,,5.65,37434,880924,,4.25,,,,,5847,70639,,8.28,200375,3390128,,5.91
1998,1,CO,Final,93155,1285681,,7.25,72714,1314069,,5.53,34714,831936,,4.17,,,,,6214,78196,,7.95,206797,3509882,,5.89
1998,2,CO,Final,81383,1104834,,7.37,59307,1160452,,5.11,34087,856294,,3.98,,,,,6023,72111,,8.35,180800,3193691,,5.66
1998,3,CO,Final,82538,1115580,,7.4,81170,1322555,,6.14,35171,748540,,4.7,,,,,5937,65891,,9.01,204816,3252566,,6.3
1998,4,CO,Final,74522,989892,,7.53,70298,1215481,,5.78,33765,763549,,4.42,,,,,5869,77160,,7.61,184454,3046082,,6.06
1998,5,CO,Final,69974,915753,,7.64,71219,1216035,,5.86,34510,788927,,4.37,,,,,6442,67533,,9.54,182145,2988248,,6.1
1998,6,CO,Final,69493,906341,,7.67,77785,1338989,,5.81,37270,847036,,4.4,,,,,6760,86424,,7.82,191308,3178790,,6.02
1998,7,CO,Final,81765,1100071,,7.43,84430,1535810,,5.5,38293,886572,,4.32,,,,,6822,88547,,7.7,211310,3611000,,5.85
1998,8,CO,Final,79396,1069422,,7.42,80157,1428075,,5.61,36939,856543,,4.31,,,,,6665,86443,,7.71,203157,3440483,,5.9
1998,9,CO,Final,79429,1069609,,7.43,82655,1484709,,5.57,38500,880640,,4.37,,,,,6512,82056,,7.94,207096,3517014,,5.89
1998,10,CO,Final,73286,973235,,7.53,78854,1369589,,5.76,36318,831559,,4.37,,,,,6414,80735,,7.94,194872,3255118,,5.99
1998,11,CO,Final,70307,928425,,7.57,71136,1221719,,5.82,36185,829228,,4.36,,,,,6330,89281,,7.09,183958,3068653,,5.99
1998,12,CO,Final,87200,1192791,,7.31,74494,1351804,,5.51,37739,877580,,4.3,,,,,6458,90734,,7.12,205891,3512909,,5.86
1999,1,CO,Final,101482,1409216,,7.2,76455,1389561,,5.5,35504,826023,,4.3,,,,,5778,72146,,8.01,219219,3696946,,5.93
1999,2,CO,Final,82025,1123431,,7.3,73607,1337807,,5.5,33190,772182,,4.3,,,,,5951,66800,,8.91,194772,3300220,,5.9
1999,3,CO,Final,79355,1072180,,7.4,73826,1294702,,5.7,34042,774020,,4.4,,,,,5988,71212,,8.41,193212,3212114,,6.02
1999,4,CO,Final,75988,1026673,,7.4,74057,1276368,,5.8,34275,779308,,4.4,,,,,6221,81758,,7.61,190540,3164107,,6.02
1999,5,CO,Final,72692,969049,,7.5,73535,1267357,,5.8,33342,758088,,4.4,,,,,6138,72128,,8.51,185706,3066622,,6.06
1999,6,CO,Final,70951,945841,,7.5,78793,1357998,,5.8,32072,713027,,4.5,,,,,6348,79267,,8.01,188164,3096133,,6.08
1999,7,CO,Final,80494,1087562,,7.4,85747,1530627,,5.6,39599,921310,,4.3,,,,,6397,74299,,8.61,212237,3613798,,5.87
1999,8,CO,Final,90686,1242055,,7.3,91815,1731723,,5.3,36184,861914,,4.2,,,,,6179,75268,,8.21,224865,3910960,,5.75
1999,9,CO,Final,82089,1109111,,7.4,86955,1524956,,5.7,34683,771072,,4.5,,,,,6741,70881,,9.51,210468,3476020,,6.05
1999,10,CO,Final,70161,922999,,7.6,81523,1429692,,5.7,34334,746710,,4.6,,,,,6286,75654,,8.31,192303,3175055,,6.06
1999,11,CO,Final,73135,974965,,7.5,75731,1351835,,5.6,34347,780951,,4.4,,,,,6812,89544,,7.61,190026,3197295,,5.94
1999,12,CO,Final,89835,1247492,,7.2,81760,1513505,,5.4,35087,816322,,4.3,,,,,6332,84330,,7.51,213013,3661649,,5.82
2000,1,CO,Final,92966,1320030,,7.04,75638,1432403,,5.28,32843,807728,,4.07,,,,,5914,74937,,7.89,207361,3635098,,5.7
2000,2,CO,Final,80882,1126923,,7.18,74185,1369967,,5.42,31784,773103,,4.11,,,,,5993,73061,,8.2,192843,3343055,,5.77
2000,3,CO,Final,79967,1104068,,7.24,74104,1388790,,5.34,32046,768054,,4.17,,,,,5809,70388,,8.25,191925,3331300,,5.76
2000,4,CO,Final,73330,1000806,,7.33,74796,1338894,,5.59,32223,774373,,4.16,,,,,6113,76339,,8.01,186462,3190412,,5.84
2000,5,CO,Final,72007,965087,,7.46,78367,1382470,,5.67,33702,784298,,4.3,,,,,6962,93243,,7.47,191038,3225098,,5.92
2000,6,CO,Final,80409,1077638,,7.46,86829,1531516,,5.67,33908,785082,,4.32,,,,,7256,97665,,7.43,208403,3491901,,5.97
2000,7,CO,Final,89291,1217670,,7.33,90810,1657244,,5.48,36468,864652,,4.22,,,,,7591,105522,,7.19,224161,3845087,,5.83
2000,8,CO,Final,121924,1487241,,8.2,121167,1975485,,6.13,43079,882848,,4.88,,,,,8760,102486,,8.55,294930,4448060,,6.63
2000,9,CO,Final,84566,1218483,,6.94,84140,1599884,,5.26,37605,890198,,4.22,,,,,7070,100800,,7.01,213381,3809366,,5.6
2000,10,CO,Final,79918,1063059,,7.52,87692,1474279,,5.95,37387,862768,,4.33,,,,,7127,89688,,7.95,212124,3489794,,6.08
2000,11,CO,Final,77634,1059129,,7.33,76496,1373214,,5.57,37462,882522,,4.24,,,,,6860,84418,,8.13,198452,3399283,,5.84
2000,12,CO,Final,91922,1388799,,6.62,73897,1464989,,5.04,34949,879157,,3.98,,,,,5929,78887,,7.52,206697,3811831,,5.42
2001,1,CO,Final,95360,1421031,,6.71,76133,1476363,,5.16,37429,893356,,4.19,,,,,5900,76522,,7.71,214823,3867272,,5.55
2001,2,CO,Final,82808,1158036,,7.15,73269,1335393,,5.49,35718,846077,,4.22,,,,,5778,70730,,8.17,197572,3410235,,5.79
2001,3,CO,Final,81518,1159501,,7.03,74111,1404338,,5.28,37345,880315,,4.24,,,,,6083,75732,,8.03,199057,3519886,,5.66
2001,4,CO,Final,74420,997275,,7.46,74776,1320024,,5.66,37981,882521,,4.3,,,,,5982,66305,,9.02,193158,3266124,,5.91
2001,5,CO,Final,79051,1008523,,7.84,83674,1415963,,5.91,44521,943467,,4.72,,,,,6496,77941,,8.33,213742,3445894,,6.2
2001,6,CO,Final,90297,1104477,,8.18,96346,1588378,,6.07,45059,907532,,4.97,,,,,7246,85518,,8.47,238948,3685905,,6.48
2001,7,CO,Final,104155,1424623,,7.31,94255,1702214,,5.54,44144,957094,,4.61,,,,,7457,88550,,8.42,250011,4172481,,5.99
2001,8,CO,Final,105583,1417966,,7.45,91869,1603854,,5.73,43661,935055,,4.67,,,,,7249,87882,,8.25,248362,4044756,,6.14
2001,9,CO,Final,105398,1295818,,8.13,103063,1619992,,6.36,48563,976065,,4.98,,,,,7583,83680,,9.06,264606,3975555,,6.66
2001,10,CO,Final,87387,1128898,,7.74,91046,1504977,,6.05,43264,905612,,4.78,,,,,7304,81324,,8.98,229001,3620810,,6.32
2001,11,CO,Final,74796,1051458,,7.11,76902,1418325,,5.42,38874,891147,,4.36,,,,,6481,80050,,8.1,197054,3440980,,5.73
2001,12,CO,Final,99436,1302645,,7.63,78099,1499818,,5.21,32057,900144,,3.56,,,,,6521,83533,,7.81,216113,3786140,,5.71
2002,1,CO,Final,94337,1379362,,6.84,74256,1395040,,5.32,37131,858668,,4.32,,,,,7391,107500,,6.88,213116,3740570,,5.7
2002,2,CO,Final,89631,1292773,,6.93,76293,1427486,,5.34,37198,869879,,4.28,,,,,6809,107145,,6.35,209930,3697283,,5.68
2002,3,CO,Final,86374,1242553,,6.95,76883,1450369,,5.3,36598,842781,,4.34,,,,,7749,114646,,6.76,207605,3650349,,5.69
2002,4,CO,Final,75298,1046432,,7.2,77033,1399176,,5.51,38137,868893,,4.39,,,,,7433,112911,,6.58,197902,3427412,,5.77
2002,5,CO,Final,85528,1091843,,7.83,91457,1541263,,5.93,40458,887299,,4.56,,,,,8701,126405,,6.88,226144,3646810,,6.2
2002,6,CO,Final,95548,1234089,,7.74,97468,1637136,,5.95,41808,886546,,4.72,,,,,7498,106289,,7.05,242322,3864061,,6.27
2002,7,CO,Final,115691,1568652,,7.38,98656,1773014,,5.56,44555,943675,,4.72,,,,,8335,128142,,6.5,267237,4413483,,6.06
2002,8,CO,Final,113606,1507361,,7.54,99470,1729879,,5.75,44140,957360,,4.61,,,,,8322,126207,,6.59,265538,4320807,,6.15
2002,9,CO,Final,103451,1337896,,7.73,93234,1570868,,5.94,42795,914942,,4.68,,,,,7573,121655,,6.22,247054,3945361,,6.26
2002,10,CO,Final,92512,1169126,,7.91,92369,1522288,,6.07,42691,907430,,4.7,,,,,7719,116845,,6.61,235292,3715689,,6.33
2002,11,CO,Final,88977,1205692,,7.38,87366,1493298,,5.85,39688,885335,,4.48,,,,,7685,115904,,6.63,223717,3700229,,6.05
2002,12,CO,Final,96283,1349066,,7.14,80653,1498620,,5.38,37665,849419,,4.43,,,,,7766,117537,,6.61,222368,3814642,,5.83
2003,1,CO,Final,102565,1362764,,7.53,92334,1526143,,6.05,40578,887787,,4.57,179,2881,,6.21,,,,,235657,3779575,,6.24
2003,2,CO,Final,97647,1255707,,7.78,91768,1467300,,6.25,40100,851414,,4.71,177,2614,,6.77,,,,,229693,3577035,,6.42
2003,3,CO,Final,94972,1225053,,7.75,95013,1541824,,6.16,42173,864681,,4.88,188,2744,,6.85,,,,,232346,3634302,,6.39
2003,4,CO,Final,86118,1076596,,8,96898,1500656,,6.46,42860,895619,,4.79,258,2870,,8.99,,,,,226134,3475741,,6.51
2003,5,CO,Final,94062,1091914,,8.61,109833,1610088,,6.82,46674,906881,,5.15,221,2884,,7.66,,,,,250790,3611767,,6.94
2003,6,CO,Final,102339,1203306,,8.5,109067,1583308,,6.89,47947,915404,,5.24,250,3367,,7.43,,,,,259603,3705385,,7.01
2003,7,CO,Final,134570,1613250,,8.34,131977,1955604,,6.75,54407,1048589,,5.19,270,3941,,6.85,,,,,321224,4621384,,6.95
2003,8,CO,Final,135632,1660357,,8.17,126111,1886506,,6.68,51999,1000208,,5.2,285,4039,,7.06,,,,,314027,4551110,,6.9
2003,9,CO,Final,115074,1387078,,8.3,113052,1687432,,6.7,45620,888570,,5.13,230,3098,,7.42,,,,,273976,3966178,,6.91
2003,10,CO,Final,102663,1194204,,8.6,107592,1634799,,6.58,62351,1002702,,6.22,251,3110,,8.07,,,,,272858,3834815,,7.12
2003,11,CO,Final,99915,1221906,,8.18,119365,1648727,,7.24,48586,939212,,5.17,223,3022,,7.38,,,,,268089,3812867,,7.03
2003,12,CO,Final,114897,1432705,,8.02,104881,1614341,,6.5,41735,874551,,4.77,209,2889,,7.23,,,,,261723,3924486,,6.67
2004,1,CO,Final,111532,1397769,,7.98,102030,1597531,,6.39,42294,869894,,4.86,99,1729,,5.73,,,,,255955,3866923,,6.62
2004,2,CO,Final,105972,1310933,,8.08,101476,1533341,,6.62,43569,886790,,4.91,97,1588,,6.11,,,,,251114,3732653,,6.73
2004,3,CO,Final,98970,1202875,,8.23,103334,1572785,,6.57,44514,888249,,5.01,85,1432,,5.94,,,,,246903,3665341,,6.74
2004,4,CO,Final,93099,1107707,,8.4,106890,1556494,,6.87,47563,931398,,5.11,84,1538,,5.46,,,,,247636,3597137,,6.88
2004,5,CO,Final,97394,1126265,,8.65,111280,1633797,,6.81,48487,944264,,5.13,85,1379,,6.16,,,,,257245,3705705,,6.94
2004,6,CO,Final,107016,1233723,,8.67,109690,1734576,,6.32,54499,1001713,,5.44,84,1390,,6.04,,,,,271290,3971402,,6.83
2004,7,CO,Final,124502,1453966,,8.56,121927,1721179,,7.08,57556,1110132,,5.18,89,1470,,6.05,,,,,304074,4286747,,7.09
2004,8,CO,Final,127411,1480547,,8.61,123122,1732319,,7.11,53007,1053193,,5.03,85,1478,,5.75,,,,,303625,4267537,,7.11
2004,9,CO,Final,117842,1347737,,8.74,118334,1657903,,7.14,52248,1046531,,4.99,89,1495,,5.95,,,,,288513,4053667,,7.12
2004,10,CO,Final,105732,1194179,,8.85,118726,1595479,,7.44,52168,1003123,,5.2,84,1495,,5.62,,,,,276710,3794275,,7.29
2004,11,CO,Final,104645,1218155,,8.59,113816,1626058,,7,46846,971967,,4.82,92,1584,,5.81,,,,,265399,3817764,,6.95
2004,12,CO,Final,112920,1458313,,7.74,112400,1536493,,7.32,53310,967883,,5.51,106,2002,,5.29,,,,,278736,3964691,,7.03
2005,1,CO,Final,126774,1468070,,8.64,112111,1561017,,7.18,51416,957320,,5.37,96,1586,,6.05,,,,,290397,3987993,,7.28
2005,2,CO,Final,108795,1246049,,8.73,105139,1478972,,7.11,47354,905018,,5.23,87,1557,,5.59,,,,,261375,3631596,,7.2
2005,3,CO,Final,111433,1266241,,8.8,113278,1608456,,7.04,52888,959858,,5.51,90,1436,,6.27,,,,,277688,3835991,,7.24
2005,4,CO,Final,103601,1176413,,8.81,105223,1439471,,7.31,51895,955083,,5.43,85,1360,,6.25,,,,,260804,3572328,,7.3
2005,5,CO,Final,103728,1135007,,9.14,126075,1692270,,7.45,56893,1023949,,5.56,94,1564,,6.01,,,,,286790,3852790,,7.44
2005,6,CO,Final,121256,1330446,,9.11,134886,1679740,,8.03,60328,1062563,,5.68,70,1537,,4.55,,,,,316539,4074285,,7.77
2005,7,CO,Final,157274,1746369,,9.01,149159,1896766,,7.86,62917,1091513,,5.76,73,1619,,4.51,,,,,369422,4736267,,7.8
2005,8,CO,Final,147892,1649128,,8.97,140338,1871021,,7.5,64935,1131375,,5.74,72,1650,,4.36,,,,,353238,4653174,,7.59
2005,9,CO,Final,129828,1430167,,9.08,128912,1706811,,7.55,61063,1034300,,5.9,75,1600,,4.69,,,,,319878,4172879,,7.67
2005,10,CO,Final,112335,1233763,,9.11,124859,1715546,,7.28,59067,982418,,6.01,70,1663,,4.21,,,,,296331,3933390,,7.53
2005,11,CO,Final,119007,1219907,,9.76,130123,1518323,,8.57,57954,937033,,6.18,73,1753,,4.16,,,,,307158,3677017,,8.35
2005,12,CO,Final,147616,1534819,,9.62,142035,1677565,,8.47,64500,1011081,,6.38,87,2062,,4.22,,,,,354238,4225528,,8.38
2006,1,CO,Final,131382,1451692,,9.05,116379,1564699,,7.44,55143,932731,,5.91,158,2062,,7.66,,,,,303063,3951184,,7.67
2006,2,CO,Final,121452,1316069,,9.23,119114,1480500,,8.05,54785,911618,,6.01,140,1797,,7.79,,,,,295491,3709983,,7.96
2006,3,CO,Final,129015,1362706,,9.47,136301,1632581,,8.35,61766,986378,,6.26,144,1848,,7.79,,,,,327226,3983513,,8.21
2006,4,CO,Final,108248,1176966,,9.2,122292,1522490,,8.03,58993,994791,,5.93,142,1850,,7.68,,,,,289675,3696096,,7.84
2006,5,CO,Final,108048,1203713,,8.98,114618,1682156,,6.81,66671,1069569,,6.23,136,1747,,7.78,,,,,289473,3957185,,7.32
2006,6,CO,Final,134836,1539416,,8.76,149608,1912442,,7.82,65494,1127563,,5.81,132,1724,,7.66,,,,,350070,4581145,,7.64
2006,7,CO,Final,158082,1729092,,9.14,137269,1842432,,7.45,73616,1196608,,6.15,136,1725,,7.88,,,,,369102,4769857,,7.74
2006,8,CO,Final,160573,1727875,,9.29,136485,1864991,,7.32,64798,1171606,,5.53,143,1782,,8.02,,,,,361999,4766254,,7.6
2006,9,CO,Final,125238,1381386,,9.07,124708,1672356,,7.46,62888,1077684,,5.84,147,1878,,7.83,,,,,312981,4133304,,7.57
2006,10,CO,Final,109203,1222570,,8.93,126145,1720312,,7.33,64211,1074931,,5.97,157,2025,,7.75,,,,,299717,4019838,,7.46
2006,11,CO,Final,111751,1288023,,8.68,111686,1584042,,7.05,57220,1037684,,5.51,221,2816,,7.85,,,,,280878,3912565,,7.18
2006,12,CO,Final,131197,1552027,,8.45,117844,1673637,,7.04,55713,1023656,,5.44,265,3453,,7.67,,,,,305019,4252773,,7.17
2007,1,CO,Final,152765,1701520,1651875,8.98,130974,1710254,277127,7.66,59116,1004540,5720,5.88,309,4092,1,7.55,,,,,343164,4420407,1934723,7.76
2007,2,CO,Final,127711,1384600,1653657,9.22,112609,1519193,277396,7.41,57214,957435,5702,5.98,275,3652,1,7.53,,,,,297809,3864880,1936756,7.71
2007,3,CO,Final,124761,1323196,1656051,9.43,126210,1616276,277551,7.81,61056,1028038,5702,5.94,268,3680,1,7.28,,,,,312295,3971190,1939305,7.86
2007,4,CO,Final,113342,1198309,1657245,9.46,121101,1547127,278811,7.83,62354,1027464,5704,6.07,259,3523,1,7.35,,,,,297056,3776422,1941761,7.87
2007,5,CO,Final,119352,1241237,1658591,9.62,128661,1649720,278966,7.8,67182,1110220,5709,6.05,235,3386,1,6.94,,,,,315430,4004563,1943267,7.88
2007,6,CO,Final,136128,1400383,1659414,9.72,149770,1806763,279658,8.29,68228,1100591,5729,6.2,260,3392,1,7.67,,,,,354386,4311129,1944802,8.22
2007,7,CO,Final,165861,1824026,1661119,9.09,138056,1937585,279867,7.13,74091,1222929,5744,6.06,232,3601,1,6.44,,,,,378240,4988141,1946731,7.58
2007,8,CO,Final,161246,1797756,1665877,8.97,135953,1930450,279545,7.04,74157,1257678,5754,5.9,236,3649,1,6.47,,,,,371592,4989533,1951177,7.45
2007,9,CO,Final,140388,1530922,1663543,9.17,129662,1790325,278833,7.24,65501,1095243,5844,5.98,236,3449,1,6.84,,,,,335786,4419940,1948221,7.6
2007,10,CO,Final,122325,1309922,1667269,9.34,141930,1727211,278961,8.22,65854,1135646,5837,5.8,278,3777,1,7.36,,,,,330388,4176556,1952068,7.91
2007,11,CO,Final,123643,1321947,1668130,9.35,129474,1672228,277893,7.74,64662,1090736,5823,5.93,279,3830,1,7.28,,,,,318059,4088741,1951847,7.78
2007,12,CO,Final,144199,1600364,1669921,9.01,117887,1600630,277260,7.37,63291,1082392,5815,5.85,314,4268,1,7.36,,,,,325691,4287654,1952997,7.6
2008,1,CO,Final,155758,1739712,2165677,8.95,120859,1638410,358346,7.38,60406,1080764,12988,5.59,296,4281,1,6.91,,,,,337319,4463167,2537012,7.56
2008,2,CO,Final,136825,1479407,2164659,9.25,122984,1613504,357550,7.62,61780,1045367,12985,5.91,273,3859,1,7.07,,,,,321862,4142137,2535195,7.77
2008,3,CO,Final,130491,1392312,2166909,9.37,127510,1654106,358228,7.71,65417,1089094,13089,6.01,274,3962,1,6.92,,,,,323693,4139474,2538227,7.82
2008,4,CO,Final,126576,1249853,2167121,10.13,140434,1567980,359233,8.96,72610,1118546,13234,6.49,323,3823,1,8.45,,,,,339943,3940203,2539589,8.63
2008,5,CO,Final,130219,1251583,2168503,10.4,149815,1691409,359582,8.86,79200,1168164,13293,6.78,311,3798,1,8.19,,,,,359545,4114954,2541379,8.74
2008,6,CO,Final,147949,1404244,2169198,10.54,160128,1770673,359915,9.04,84350,1215624,13300,6.94,335,3767,1,8.89,,,,,392762,4394309,2542414,8.94
2008,7,CO,Final,201515,1840560,2194124,10.95,192199,1969603,367641,9.76,97227,1313790,13339,7.4,404,4127,1,9.79,,,,,491345,5128081,2575105,9.58
2008,8,CO,Final,191473,1726602,2174080,11.09,179034,1855196,359961,9.65,97452,1277460,13276,7.63,414,4253,1,9.73,,,,,468373,4863511,2547318,9.63
2008,9,CO,Final,156671,1415661,2174512,11.07,162484,1728134,360162,9.4,85347,1153051,13266,7.4,394,3965,1,9.94,,,,,404895,4300810,2547941,9.41
2008,10,CO,Final,133265,1291165,2176775,10.32,134916,1687596,360622,7.99,77756,1164006,13201,6.68,337,4174,1,8.07,,,,,346273,4146942,2550599,8.35
2008,11,CO,Final,129087,1294195,2178094,9.97,139767,1684282,358473,8.3,72456,1131762,13081,6.4,316,4035,1,7.83,,,,,341626,4114274,2549649,8.3
2008,12,CO,Final,154617,1635197,2181829,9.46,131753,1690023,359048,7.8,65246,1064853,13001,6.13,364,4540,1,8.02,,,,,351980,4394613,2553879,8.01
2009,1,CO,Final,147868,1604902,2107032,9.21,113891,1657825,347912,6.87,63111,1057479,14736,5.97,280,3999,1,7,,,,,325150,4324205,2469681,7.52
2009,2,CO,Final,128218,1357783,2107411,9.44,116032,1557050,348295,7.45,59981,1010800,14741,5.93,254,3413,1,7.44,,,,,304486,3929045,2470448,7.75
2009,3,CO,Final,124692,1330863,2109402,9.37,118354,1588566,349505,7.45,62943,1092359,14859,5.76,264,3677,1,7.18,,,,,306253,4015465,2473767,7.63
2009,4,CO,Final,121643,1275154,2109252,9.54,123001,1574089,349628,7.81,64703,1066495,15068,6.07,267,3580,1,7.46,,,,,309614,3919318,2473949,7.9
2009,5,CO,Final,122168,1262182,2109029,9.68,129898,1650515,349607,7.87,68472,1130926,15034,6.05,246,3336,1,7.37,,,,,320785,4046959,2473671,7.93
2009,6,CO,Final,131445,1323265,2111500,9.93,130354,1625250,349450,8.02,72052,1121129,15103,6.43,254,3251,1,7.81,,,,,334105,4072895,2476054,8.2
2009,7,CO,Final,173740,1673977,2111290,10.38,158066,1790235,349475,8.83,87109,1279188,15061,6.81,316,3509,1,9.01,,,,,419231,4746909,2475827,8.83
2009,8,CO,Final,176346,1694880,2113198,10.4,166372,1905433,349879,8.73,88603,1266628,15059,7,321,3512,1,9.14,,,,,431641,4870453,2478137,8.86
2009,9,CO,Final,159191,1492145,2112045,10.67,151178,1717598,349595,8.8,83389,1201980,15018,6.94,317,3482,1,9.1,,,,,394075,4415205,2476659,8.93
2009,10,CO,Final,141069,1342830,2114981,10.51,145703,1658875,349852,8.78,80089,1171954,14905,6.83,328,3867,1,8.48,,,,,367189,4177526,2479739,8.79
2009,11,CO,Final,142323,1369809,2115947,10.39,141924,1620456,348868,8.76,67962,1053985,14725,6.45,325,3658,1,8.88,,,,,352533,4047908,2479541,8.71
2009,12,CO,Final,171793,1684839,2118365,10.2,136343,1662573,349140,8.2,68611,1118226,14691,6.14,381,4381,1,8.7,,,,,377128,4470019,2482197,8.44
2010,1,CO,Final,176198,1711948,2121266,10.29,132256,1616227,348653,8.18,73952,1145462,14890,6.46,358,4155,1,8.62,,,,,382765,4477792,2484810,8.55
2010,2,CO,Final,151209,1431785,2123362,10.56,125412,1457518,348645,8.6,74177,1157217,14930,6.41,334,3855,1,8.66,,,,,351132,4050375,2486938,8.67
2010,3,CO,Final,155250,1469057,2125569,10.57,133247,1548230,349547,8.61,76204,1203209,14980,6.33,324,3919,1,8.27,,,,,365025,4224415,2490097,8.64
2010,4,CO,Final,142938,1277612,2124978,11.19,140689,1515795,350089,9.28,83787,1194397,15094,7.02,350,3625,1,9.66,,,,,367764,3991430,2490162,9.21
2010,5,CO,Final,143610,1250772,2125885,11.48,149932,1566221,349961,9.57,88173,1238348,15148,7.12,357,3593,1,9.94,,,,,382072,4058935,2490995,9.41
2010,6,CO,Final,182550,1535102,2129808,11.89,171708,1685020,350065,10.19,93185,1316004,15178,7.08,396,3621,1,10.94,,,,,447839,4539747,2495052,9.86
2010,7,CO,Final,215203,1838591,2129444,11.7,179223,1872422,350379,9.57,105038,1393566,15200,7.54,385,3810,1,10.1,,,,,499850,5108388,2495024,9.78
2010,8,CO,Final,207812,1776212,2133160,11.7,177117,1828809,351288,9.68,106251,1415209,15173,7.51,387,3969,1,9.75,,,,,491567,5024198,2499622,9.78
2010,9,CO,Final,178690,1532966,2130746,11.66,165017,1718313,351348,9.6,95477,1315595,15194,7.26,391,3885,1,10.06,,,,,439576,4570759,2497289,9.62
2010,10,CO,Final,141171,1340060,2130682,10.53,143901,1614241,351179,8.91,92416,1309375,15089,7.06,320,3630,1,8.82,,,,,377808,4267307,2496951,8.85
2010,11,CO,Final,143112,1377869,2133005,10.39,139962,1581891,349873,8.85,78310,1221567,14961,6.41,352,3958,1,8.89,,,,,361735,4185286,2497840,8.64
2010,12,CO,Final,160113,1560412,2134133,10.26,131573,1592534,349791,8.26,80532,1261894,14880,6.38,375,4315,1,8.69,,,,,372593,4419155,2498805,8.43
2011,1,CO,Final,175410,1691722,2135790,10.37,136903,1640735,346496,8.34,74222,1197885,16124,6.2,397,4451,1,8.92,,,,,386932,4534793,2498411,8.53
2011,2,CO,Final,155291,1483132,2137213,10.47,134516,1526886,346761,8.81,74806,1132163,16190,6.61,432,4374,1,9.88,,,,,365046,4146556,2500165,8.8
2011,3,CO,Final,149699,1414462,2138636,10.58,136667,1549177,347780,8.82,79531,1223556,16284,6.5,364,4179,1,8.71,,,,,366261,4191373,2502701,8.74
2011,4,CO,Final,141255,1272070,2138535,11.1,143236,1542210,348249,9.29,82524,1186116,16487,6.96,382,3933,1,9.71,,,,,367398,4004329,2503272,9.18
2011,5,CO,Final,139036,1246982,2139983,11.15,146951,1576976,348425,9.32,86878,1252292,16535,6.94,366,3950,1,9.27,,,,,373231,4080200,2504944,9.15
2011,6,CO,Final,173744,1454292,2141224,11.95,168878,1663589,348718,10.15,94599,1300910,16549,7.27,401,3853,1,10.41,,,,,437622,4422644,2506492,9.9
2011,7,CO,Final,227643,1872748,2141661,12.16,190377,1898228,348659,10.03,109706,1407342,16558,7.8,404,3819,1,10.58,,,,,528130,5182136,2506879,10.19
2011,8,CO,Final,232259,1910094,2145982,12.16,195346,1905991,348623,10.25,108826,1469684,16589,7.4,425,4032,1,10.54,,,,,536855,5289802,2511195,10.15
2011,9,CO,Final,188073,1570220,2142761,11.98,172943,1734818,348381,9.97,102440,1347469,16570,7.6,433,4072,1,10.63,,,,,463889,4656579,2507713,9.96
2011,10,CO,Final,147658,1337516,2144725,11.04,154963,1630130,348373,9.51,90247,1265295,16500,7.13,428,4295,1,9.97,,,,,393296,4237235,2509599,9.28
2011,11,CO,Final,151737,1377644,2146247,11.01,149746,1583818,347414,9.45,89123,1218848,16401,7.31,428,4312,1,9.93,,,,,391033,4184622,2510063,9.34
2011,12,CO,Final,177347,1645916,2148583,10.77,147470,1636672,346908,9.01,82979,1240254,16327,6.69,479,5173,1,9.26,,,,,408275,4528015,2511819,9.02
2012,1,CO,Final,172723,1627594,2143006,10.61,135367,1595045,347213,8.49,76594,1188733,15758,6.44,420,4791,1,8.77,,,,,385104,4416163,2505978,8.72
2012,2,CO,Final,156433,1454017,2145083,10.76,135376,1527466,347341,8.86,74812,1159556,15775,6.45,427,4538,1,9.41,,,,,367047,4145577,2508200,8.85
2012,3,CO,Final,148417,1369266,2146669,10.84,138740,1551698,348337,8.94,81027,1211827,15873,6.69,386,4289,1,9,,,,,368571,4137080,2510880,8.91
2012,4,CO,Final,135362,1226445,2145534,11.04,137638,1522334,348344,9.04,81297,1210923,15993,6.71,384,4060,1,9.46,,,,,354681,3963762,2509872,8.95
2012,5,CO,Final,142885,1267879,2147001,11.27,151747,1636558,348816,9.27,90434,1306270,16060,6.92,383,4230,1,9.05,,,,,385448,4214936,2511878,9.14
2012,6,CO,Final,191728,1596881,2148159,12.01,181554,1828313,348908,9.93,95139,1354137,16109,7.03,420,4199,1,10,,,,,468842,4783529,2513177,9.8
2012,7,CO,Final,242891,1971888,2148540,12.32,190293,1942003,349448,9.8,104072,1424634,16187,7.31,415,4302,1,9.65,,,,,537671,5342827,2514176,10.06
2012,8,CO,Final,231469,1905389,2152962,12.15,182034,1851957,349771,9.83,105016,1434078,16215,7.32,435,4458,1,9.76,,,,,518954,5195882,2518949,9.99
2012,9,CO,Final,187293,1546226,2150673,12.11,171583,1747522,349254,9.82,97087,1337035,16239,7.26,456,4109,1,11.1,,,,,456419,4634892,2516167,9.85
2012,10,CO,Final,153583,1355298,2154107,11.33,155104,1598629,349608,9.7,94794,1295331,16182,7.32,433,4378,1,9.89,,,,,403914,4253635,2519898,9.5
2012,11,CO,Final,153065,1344768,2155874,11.38,149642,1570783,348688,9.53,87213,1245475,16114,7,420,4199,1,10,,,,,390340,4165225,2520677,9.37
2012,12,CO,Final,172041,1554716,2158014,11.07,149288,1624918,349265,9.19,83331,1247237,15679,6.68,503,4918,1,10.23,,,,,405163,4431789,2522959,9.14
2013,1,CO,Final,190657,1716453,2161291,11.11,149270,1638549,358759,9.11,80836,1167167,16016,6.93,494,4814,1,10.26,,,,,421257,4526983,2536067,9.31
2013,2,CO,Final,166582,1471178,2160090,11.32,143790,1521462,359180,9.45,79301,1096960,16049,7.23,439,4207,1,10.43,,,,,390112,4093807,2535320,9.53
2013,3,CO,Final,165040,1445573,2165623,11.42,152393,1601381,360093,9.52,81280,1162669,16170,6.99,475,4413,1,10.76,,,,,399188,4214036,2541887,9.47
2013,4,CO,Final,151534,1302365,2165736,11.64,150218,1584036,360433,9.48,81915,1166461,16756,7.02,544,5233,1,10.4,,,,,384212,4058095,2542926,9.47
2013,5,CO,Final,156120,1339530,2167269,11.65,159568,1633889,361431,9.77,89708,1244543,16734,7.21,553,5326,1,10.38,,,,,405948,4223288,2545435,9.61
2013,6,CO,Final,195643,1566954,2167906,12.49,186434,1775987,361708,10.5,100328,1276728,16816,7.86,562,5108,1,11,,,,,482967,4624777,2546431,10.44
2013,7,CO,Final,238671,1854290,2172857,12.87,190349,1849119,361662,10.29,103239,1364605,16855,7.57,579,5360,1,10.8,,,,,532838,5073374,2551375,10.5
2013,8,CO,Final,232790,1843046,2175988,12.63,193782,1863924,361511,10.4,108871,1380660,16800,7.89,572,5531,1,10.34,,,,,536016,5093161,2554300,10.52
2013,9,CO,Final,199951,1580152,2168583,12.65,179229,1747365,355171,10.26,97522,1260189,16063,7.74,591,5266,1,11.22,,,,,477293,4592973,2539818,10.39
2013,10,CO,Final,162987,1377140,2174490,11.84,162502,1615375,356229,10.06,87178,1217274,15711,7.16,538,5361,1,10.04,,,,,413206,4215150,2546431,9.8
2013,11,CO,Final,160020,1372179,2173294,11.66,156516,1603841,353392,9.76,87959,1184771,15331,7.42,533,5080,1,10.48,,,,,405028,4165871,2542018,9.72
2013,12,CO,Final,190321,1660048,2179247,11.46,157985,1663291,355990,9.5,84857,1230833,14750,6.89,627,5963,1,10.52,,,,,433790,4560135,2549988,9.51
2014,1,CO,Final,194691,1698307,2182658,11.46,151866,1639048,358303,9.27,83242,1179153,18060,7.06,631,5886,1,10.71,,,,,430429,4522394,2559022,9.52
2014,2,CO,Final,169723,1451312,2184005,11.69,144548,1513424,357638,9.55,79171,1098352,17952,7.21,599,5428,1,11.03,,,,,394040,4068516,2559596,9.69
2014,3,CO,Final,166593,1423232,2187003,11.71,156580,1625078,358895,9.64,84654,1182777,18296,7.16,533,5297,1,10.07,,,,,408359,4236385,2564195,9.64
2014,4,CO,Final,154386,1275247,2188010,12.11,156492,1567983,359318,9.98,88065,1199354,21620,7.34,567,5106,1,11.11,,,,,399511,4047689,2568949,9.87
2014,5,CO,Final,159496,1314162,2189033,12.14,166638,1635540,359756,10.19,96574,1292194,21603,7.47,544,4972,1,10.94,,,,,423252,4246869,2570393,9.97
2014,6,CO,Final,193037,1478386,2191072,13.06,181822,1654647,360383,10.99,103391,1291206,21695,8.01,576,5051,1,11.4,,,,,478826,4429291,2573151,10.81
2014,7,CO,Final,239839,1825882,2193361,13.14,200988,1881797,361428,10.68,112207,1401196,19400,8.01,565,5264,1,10.73,,,,,553598,5114139,2574190,10.82
2014,8,CO,Final,223852,1736756,2196468,12.89,194710,1812829,361434,10.74,111677,1404276,19388,7.95,590,5296,1,11.15,,,,,530830,4959157,2577291,10.7
2014,9,CO,Final,193787,1516657,2198067,12.78,187726,1762547,361499,10.65,103531,1313786,19368,7.88,570,5128,1,11.12,,,,,485615,4598118,2578935,10.56
2014,10,CO,Final,159644,1352025,2201811,11.81,165948,1667636,362015,9.95,94567,1283968,19297,7.37,535,5226,1,10.24,,,,,420693,4308855,2583124,9.76
2014,11,CO,Final,162815,1398870,2203947,11.64,162800,1671505,360860,9.74,86728,1233310,17512,7.03,583,5362,1,10.86,,,,,412926,4309047,2582320,9.58
2014,12,CO,Final,185976,1622096,2206797,11.47,158935,1697326,361296,9.36,85561,1230615,16598,6.95,618,6025,1,10.25,,,,,431090,4556063,2584692,9.46
2015,1,CO,Final,193011,1676012,2213116,11.52,156074,1689096,364478,9.24,85530,1225062,15316,6.98,566,5732,1,9.88,,,,,435181,4595902,2592911,9.47
2015,2,CO,Final,166455,1399938,2216201,11.89,148689,1522585,364127,9.77,85392,1161985,15321,7.35,549,5174,1,10.61,,,,,401085,4089682,2595650,9.81
2015,3,CO,Final,166556,1396691,2219165,11.93,161633,1642966,364781,9.84,89157,1227007,15857,7.27,555,5425,1,10.23,,,,,417902,4272088,2599804,9.78
2015,4,CO,Final,151152,1245474,2220261,12.14,155945,1563859,365047,9.97,89652,1211437,16608,7.4,505,5103,1,9.9,,,,,397256,4025874,2601917,9.87
2015,5,CO,Final,156219,1290890,2221846,12.1,166527,1659885,365196,10.03,89714,1215227,16620,7.38,485,4912,1,9.87,,,,,412945,4170914,2603663,9.9
2015,6,CO,Final,194958,1550425,2223587,12.57,163825,1687655,366123,9.71,97886,1293083,16682,7.57,554,5188,1,10.67,,,,,457222,4536350,2606393,10.08
2015,7,CO,Final,229302,1803967,2224770,12.71,189398,1842291,366013,10.28,106082,1367071,16714,7.76,532,5293,1,10.05,,,,,525314,5018623,2607498,10.47
2015,8,CO,Final,240465,1910801,2227944,12.58,198252,1938215,366552,10.23,107195,1397883,16693,7.67,541,5401,1,10.02,,,,,546453,5252300,2611190,10.4
2015,9,CO,Final,199421,1586797,2230066,12.57,185744,1819734,366644,10.21,102924,1361091,16713,7.56,557,5474,1,10.18,,,,,488647,4773095,2613424,10.24
2015,10,CO,Final,169408,1426284,2233831,11.88,170871,1724243,366675,9.91,97182,1306509,16344,7.44,508,5103,1,9.96,,,,,437970,4462139,2616851,9.82
2015,11,CO,Final,165576,1412324,2237004,11.72,160952,1632100,365471,9.86,89790,1258370,16029,7.14,538,5400,1,9.96,,,,,416856,4308193,2618505,9.68
2015,12,CO,Final,195466,1685334,2240886,11.6,158652,1685457,365637,9.41,88516,1234038,15835,7.17,586,6059,1,9.68,,,,,443220,4610888,2622359,9.61
2016,1,CO,Final,191706,1718967,2247337,11.15,147352,1725928,364171,8.54,82624,1204176,15669,6.86,498,5807,1,8.58,,,,,422181,4654878,2627178,9.07
2016,2,CO,Final,164922,1441843,2250972,11.44,140479,1584342,362505,8.87,80782,1164469,15649,6.94,512,5390,1,9.49,,,,,386695,4196044,2629127,9.22
2016,3,CO,Final,162494,1425399,2251452,11.4,149219,1669386,365065,8.94,82031,1187320,15839,6.91,501,5542,1,9.04,,,,,394246,4287647,2632357,9.19
2016,4,CO,Final,151484,1281633,2253405,11.82,144963,1540536,366126,9.41,84245,1185508,16601,7.11,497,5214,1,9.53,,,,,381189,4012891,2636133,9.5
2016,5,CO,Final,158679,1357353,2255669,11.69,157122,1656232,366723,9.49,86609,1227490,16608,7.06,485,5078,1,9.55,,,,,402894,4246154,2639001,9.49
2016,6,CO,Final,214973,1707635,2258014,12.59,182475,1794021,368150,10.17,97601,1276370,16646,7.65,535,5399,1,9.92,,,,,495584,4783426,2642811,10.36
2016,7,CO,Final,257007,2062017,2259701,12.46,198716,1998558,367737,9.94,103256,1340940,16703,7.7,529,5407,1,9.78,,,,,559509,5406921,2644142,10.35
2016,8,CO,Final,243858,1900094,2264039,12.83,195161,1928105,368666,10.12,108575,1424704,16707,7.62,550,5398,1,10.19,,,,,548144,5258300,2649413,10.42
2016,9,CO,Final,201788,1571149,2265991,12.84,186772,1808677,368502,10.33,100386,1283602,16675,7.82,574,5231,1,10.96,,,,,489518,4668659,2651169,10.49
2016,10,CO,Final,161514,1334588,2268539,12.1,171274,1727004,369408,9.92,94323,1275122,16144,7.4,547,5256,1,10.41,,,,,427658,4341971,2654092,9.85
2016,11,CO,Final,163890,1335718,2271616,12.27,157583,1605834,368654,9.81,95191,1277217,15961,7.45,517,5094,1,10.15,,,,,417181,4223862,2656232,9.88
2016,12,CO,Final,201663,1697328,2274084,11.88,164927,1761513,368268,9.36,94266,1256516,15724,7.5,603,5929,1,10.17,,,,,461459,4721285,2658077,9.77
2017,1,CO,Final,200328,1726070,2275217,11.61,156220,1712548,368988,9.12,83625,1182548,15597,7.07,609,5938,1,10.25,,,,,440782,4627104,2659803,9.53
2017,2,CO,Final,163726,1369011,2277053,11.96,144693,1536201,369073,9.42,83826,1152564,15658,7.27,519,5094,1,10.18,,,,,392764,4062870,2661785,9.67
2017,3,CO,Final,169597,1420599,2279598,11.94,159410,1678014,370009,9.5,94233,1252465,15852,7.52,543,5621,1,9.66,,,,,423783,4356699,2665460,9.73
2017,4,CO,Final,150945,1262133,2281348,11.96,151056,1576360,370490,9.58,90613,1241693,16583,7.3,522,5335,1,9.79,,,,,393137,4085521,2668422,9.62
2017,5,CO,Final,162547,1365884,2283872,11.9,163281,1669000,370728,9.78,94593,1279280,16641,7.39,537,5527,1,9.72,,,,,420959,4319691,2671242,9.75
2017,6,CO,Final,211821,1659508,2284976,12.76,191304,1796949,371247,10.65,102996,1311576,16654,7.85,597,5499,1,10.86,,,,,506717,4773532,2672878,10.62
2017,7,CO,Final,251731,2021081,2287538,12.46,203015,1971882,371381,10.3,112322,1421996,16649,7.9,561,5781,1,9.7,,,,,567629,5420740,2675569,10.47
2017,8,CO,Final,232602,1866335,2290812,12.46,199937,1932267,371630,10.35,112031,1443462,16665,7.76,594,5721,1,10.38,,,,,545164,5247784,2679108,10.39
2017,9,CO,Final,201454,1585259,2292418,12.71,188399,1815145,371229,10.38,106972,1380805,16586,7.75,565,5353,1,10.56,,,,,497391,4786561,2680234,10.39
2017,10,CO,Final,164618,1364209,2299437,12.07,167617,1649340,371605,10.16,98694,1299649,16132,7.59,692,7729,1,8.96,,,,,431622,4320927,2687175,9.99
2017,11,CO,Final,162453,1341846,2302263,12.11,154649,1591885,370709,9.71,92235,1252135,15960,7.37,675,7533,1,8.96,,,,,410013,4193398,2688933,9.78
2017,12,CO,Final,192733,1633065,2305731,11.8,161846,1711204,371168,9.46,90946,1283066,15759,7.09,730,8025,1,9.1,,,,,446256,4635359,2692659,9.63
2018,1,CO,Final,192249,1653911,2310595,11.62,155676,1704219,373472,9.13,94440,1280606,15840,7.37,689,7992,1,8.62,,,,,443054,4646729,2699908,9.53
2018,2,CO,Final,171160,1452241,2314314,11.79,149861,1567252,373751,9.56,85227,1185850,15874,7.19,684,7365,1,9.28,,,,,406932,4212708,2703940,9.66
2018,3,CO,Final,171180,1456726,2316891,11.75,162033,1696075,374903,9.55,93754,1284773,15910,7.3,658,7506,1,8.76,,,,,427624,4445080,2707705,9.62
2018,4,CO,Final,156401,1297995,2319112,12.05,157479,1585258,375931,9.93,92182,1248375,16163,7.38,685,7391,1,9.27,,,,,406747,4139019,2711207,9.83
2018,5,CO,Final,170762,1429901,2322333,11.94,170869,1707190,377065,10.01,99055,1325960,16154,7.47,641,7496,1,8.56,,,,,441327,4470546,2715553,9.87
2018,6,CO,Final,218553,1783312,2324243,12.26,195274,1828719,377205,10.68,106177,1366062,16223,7.77,703,7623,1,9.22,,,,,520708,4985716,2717672,10.44
2018,7,CO,Final,258213,2042863,2326436,12.64,207506,2038531,377110,10.18,112790,1460656,16166,7.72,703,8139,1,8.64,,,,,579212,5550189,2719713,10.44
2018,8,CO,Final,247846,1994352,2330942,12.43,207311,1986023,377146,10.44,113679,1511684,16198,7.52,726,8172,1,8.89,,,,,569561,5500231,2724287,10.36
2018,9,CO,Final,207813,1658108,2333572,12.53,189037,1830933,376668,10.32,106329,1405283,16156,7.57,690,7344,1,9.4,,,,,503869,4901668,2726397,10.28
2018,10,CO,Final,172786,1404372,2338379,12.3,179087,1700791,377345,10.53,103654,1355809,15967,7.65,748,8073,1,9.27,,,,,456274,4469044,2731692,10.21
2018,11,CO,Final,176348,1448119,2341402,12.18,166222,1646414,376484,10.1,98088,1334697,15625,7.35,678,7388,1,9.18,,,,,441336,4436617,2733512,9.95
2018,12,CO,Final,199469,1665053,2345470,11.98,165354,1731897,376132,9.55,93158,1287505,15499,7.24,764,8481,1,9.01,,,,,458745,4692935,2737102,9.78
2019,1,CO,Final,201977,1696508,2354778,11.91,171157,1750857,378460,9.78,91043,1275069,13919,7.14,809,9084,1,8.91,,,,,464986,4731518,2747158,9.83
2019,2,CO,Final,180417,1496746,2357488,12.05,163610,1582840,378269,10.34,86748,1162953,13907,7.46,1366,14063,1,9.71,,,,,432142,4256602,2749665,10.15
2019,3,CO,Final,187724,1555023,2360731,12.07,177082,1736759,378862,10.2,93714,1264577,13926,7.41,794,8927,1,8.89,,,,,459313,4565286,2753520,10.06
2019,4,CO,Final,157660,1312050,2362696,12.02,165410,1615430,380083,10.24,91238,1248118,14317,7.31,725,8525,1,8.51,,,,,415034,4184123,2757097,9.92
2019,5,CO,Final,164305,1378533,2364610,11.92,176095,1699961,380116,10.36,96857,1321563,14482,7.33,720,8857,1,8.13,,,,,437977,4408914,2759209,9.93
2019,6,CO,Final,194897,1534327,2367464,12.7,195820,1735800,381073,11.28,103033,1314754,14486,7.84,791,8634,1,9.16,,,,,494540,4593515,2763024,10.77
2019,7,CO,Final,253970,2018285,2370657,12.58,219340,1967806,381511,11.15,114312,1484452,14743,7.7,805,9183,1,8.76,,,,,588426,5479726,2766912,10.74
2019,8,CO,Final,267810,2132159,2373710,12.56,223489,2026670,381444,11.03,115189,1504278,14796,7.66,842,9526,1,8.84,,,,,607331,5672633,2769951,10.71
2019,9,CO,Final,217024,1695193,2376739,12.8,196664,1759769,381862,11.18,109547,1431853,14761,7.65,812,8932,1,9.09,,,,,524046,4895746,2773363,10.7
2019,10,CO,Final,172812,1451156,2381183,11.91,184296,1811605,382186,10.17,93332,1293479,14617,7.22,745,9386,1,7.93,,,,,451185,4565626,2777987,9.88
2019,11,CO,Final,171075,1460220,2384355,11.72,166106,1665987,381694,9.97,90046,1281552,14407,7.03,723,9013,1,8.02,,,,,427950,4416772,2780457,9.69
2019,12,CO,Final,192894,1674546,2387534,11.52,163593,1757774,381722,9.31,90241,1308372,14269,6.9,773,9672,1,8,,,,,447502,4750364,2783526,9.42
2020,1,CO,Preliminary,198727,1692961,2386749,11.74,158127,1684609,369212,9.39,93039,1363674,14593,6.82,772,9284,1,8.32,,,,,450665,4750528,2770555,9.49
2020,2,CO,Preliminary,182606,1536047,2389358,11.89,153769,1597876,369212,9.62,87578,1261649,14681,6.94,800,9217,1,8.68,,,,,424752,4404788,2773252,9.64
2020,3,CO,Preliminary,178280,1480228,2392432,12.04,158999,1629421,371460,9.76,95216,1338076,14823,7.12,710,8247,1,8.61,,,,,433205,4455972,2778716,9.72
2020,4,CO,Preliminary,166511,1372722,2394233,12.13,137656,1356016,371968,10.15,86104,1247846,14863,6.9,717,7999,1,8.96,,,,,390988,3984583,2781065,9.81
2020,5,CO,Preliminary,185450,1537549,2396054,12.06,159008,1564449,371722,10.16,94530,1312256,15002,7.2,618,7715,1,8,,,,,439606,4421969,2782779,9.94
2020,6,CO,Preliminary,243246,1876370,2399124,12.96,179546,1563680,372368,11.48,100026,1334778,14959,7.49,687,7734,1,8.89,,,,,523504,4782562,2786452,10.95
2020,7,CO,Preliminary,288505,2247799,2400743,12.84,201949,1856917,373036,10.88,109390,1438533,15000,7.6,613,7340,1,8.35,,,,,600457,5550588,2788780,10.82
2020,8,CO,Preliminary,291287,2268213,2404383,12.84,205332,1877447,373631,10.94,110142,1451717,14994,7.59,608,7134,1,8.52,,,,,607370,5604512,2793009,10.84
